event_id,1,2,3,4,5,6,7,8,9,10,11,12,13,14,15,16,17,18,19,20,21,22,23,24,25,26,27,28,29,30,31,32,33,34,35,36,37,38,39,40,41,42,43,44,45,46,47,48,49,50,country,52,53,54,55,date,url,url_title,title,full_text
1243421051,20240513,202405,2024,2024.3644,CHE,BASEL,CHE,,,,,,,,EUR,EUROPE,EUR,,,,,,,,1,036,036,03,1,4.0,3,1,3,1.71990171990172,1,Switzerland,SZ,SZ,47.0,8.0,SZ,1,United Kingdom,UK,UK,54.0,-4.0,UK,1,Switzerland,SZ,SZ,47.0,8.0,SZ,20250513,https://www.manchestereveningnews.co.uk/news/tv/graham-norton-shares-verdict-uks-31627176,graham norton shares verdict uks 31627176,Graham Norton shares verdict on UK's Eurovision entry days before final,"Graham Norton shares verdict on UK's Eurovision entry days before final

The king of Eurovision has shared his thoughts on Remember Monday

Graham Norton will be returning to his commentary box for another year of Eurovision (Image: BBC )

Graham Norton praised UK's Eurovision entry, Remember Monday, for being ""flawless"" just days ahead of the Grand Finals.

As Eurovision returns to its home country, Switzerland, the icon of Eurovision is also back for another year. He'll be hosting the BBC's coverage of the final on Saturday May 17.

‚Äå



Graham will oversee proceedings from the commentary box in the arena for audiences watching at home, as 26 countries, including the United Kingdom, vie for the number one spot of being crowned Eurovision champion.

‚Äå



Nemo won last year, hence why the biggest singing competition in Europe will be hosted in Basel.

Speaking about the final, Graham admitted: ""I know nothing about the plans for the Grand Final yet, but when it's a country like Switzerland that haven't hosted for 36 years, I suspect they are going to pull out all the stops! I can't wait to see what they have in store.""

Before the final 26 contestants are chosen, they have to compete in the semi-final rounds that take place on Tuesday, May 13, and Thursday, May 15.

Article continues below

The ""Big Five"" already have a place secured in the final, meaning that the United Kingdom will be on that stage come Saturday night.

Three-piece girl band Remember Monday are the first girl group to represent the UK since 1999 when Precious took to the stage.

Remember Monday are representing the United Kingdom (Image: BBC )

‚Äå



Graham shared: ""Remember Monday have a great advantage in that they are unlike any other act this year. Their vocals and harmonies are flawless, the song has a very strong hook and the trio are hugely likeable. With a decent place in the running order they should do very well indeed.""

However, he also sees some potential in other acts, as he continued: ""It's a big year for party anthems and the two that stand out for me are Miriana Conte representing Malta, and EMMY for Ireland with an unlikely banger about an immortal dog.

""Cutting through all the noise I think Italy might have a good year with a classic rock ballad performed by Lucio Corsi.""

Article continues below

Eurovision Grand Final airs on Saturday 17th May at 8pm on BBC One and BBC iPlayer."
1243421054,20240513,202405,2024,2024.3644,CRMELI,CRIMINAL,,,,,,CRM,ELI,,USAEDU,SAN DIEGO,USA,,,,,EDU,,,0,010,010,01,1,0.0,10,2,10,-6.41106072487981,4,"Tamaulipas, Sinaloa, Mexico",MX,MX25,24.9086,-107.594,-1703946,4,"Tamaulipas, Sinaloa, Mexico",MX,MX25,24.9086,-107.594,-1703946,4,"Tamaulipas, Sinaloa, Mexico",MX,MX25,24.9086,-107.594,-1703946,20250513,https://www.yahoo.com/news/mexico-vows-hunt-down-killer-225607029.html,mexico vows hunt down killer 225607029,Mexico vows to hunt down killer of mayoral candidate,"Mexican authorities were seeking suspects Monday in the assassination of a mayoral candidate who was shot dead during a campaign rally in the gulf coast state of Veracruz.

The attack Sunday evening in Texistepec killed Yesenia Lara Gut√≠errez, 49, who was running for mayor of the town of 20,000.

At least three other people were killed in the attack, authorities said. Three others were wounded.

Video of the campaign event at which the attack occurred showed a chaotic scene of people running for cover as about 20 gunshots rang out in the streets amid the rally. Media reports indicated that at least three people opened fire.

Advertisement Advertisement

Advertisement Advertisement

Lara, 49, was at least the second mayoral candidate killed this year in Veracruz, a violence-ridden state that is having mayoral elections in more than 200 municipalities on June 1.

Lara's husband, Enrique Arug√ºelles, a former city council member in Texistepec, was shot dead in 2022.

Read more: For political candidates in Mexico, the stakes can be life or death

On Monday, Mexican President Claudia Sheinbaum said that police were trying to track down the killers of Lara, who was running under the banner of Sheinbaum's ruling Morena political bloc.

""We don't know the motive,"" Sheinbaum told reporters at her regular morning news conference.

Advertisement Advertisement

Advertisement Advertisement

State authorities in Veracruz were heading the investigation, the president said. Texistepec is about 125 miles southeast of the port city of Veracruz.

Veracruz Gov. Roc√≠o Nahle Garc√≠a condemned the attack and vowed there would be no impunity. ""No office or post is worth the life of a person,"" the governor wrote on social media, calling the slayings ""cowardly.""

Also on June 1, Mexico is holding nationwide balloting for the election of hundreds of judges ‚Äî part of a controversial constitutional reform backed by Sheinbaum and her predecessor, former President Andr√©s Manuel L√≥pez Obrador.

Lara's slaying again underscores the problem of electoral violence in Mexico, where last year's national elections resulted in scores of killings of candidates.

Advertisement Advertisement

Advertisement Advertisement

Campaign rallies and other public appearances can leave candidates especially exposed despite police protection. During last year‚Äôs elections, slain candidates included a mayoral aspirant stabbed to death in the gulf coast state of Tamaulipas after a breakfast event, and mayoral hopefuls shot dead during campaign stops in the states of Guerrero and Guanajuato.

Organized crime seeks to control local mayors, whose responsibilities include police forces, budgets and contracts, experts say.

""Mayors and mayoral candidates are essentially under siege because they are a critical point of influence and protection for criminal actors,"" David Shirk, a political scientist at the University of San Diego, told The Times last year.

In a report on political violence this month, the Mexican consulting firm Integralia said that organized crime sought to ""capture public local institutions.""

Advertisement Advertisement

Advertisement Advertisement

""The threats and attempts against candidates are meant to influence electoral results,"" the firm concluded. ""Meantime, the kidnappings and threats against officials serve as mechanisms of territorial and financial control.""

Like Lara's slaying, other political killings also have been carried out in public. The killing of Rosa Alma Barrag√°n, in the town of Moroleon in Guanajuato is just one example.

Barrag√°n, who was running for mayor, was killed at a campaign event in 2021 when gunmen sprayed a crowd with bullets.

Read more: Indigenous activist's disappearance and killing cause outcry in Mexico's Oaxaca state

Advertisement Advertisement

Advertisement Advertisement

Hours before her slaying, Lara published a profie of herself on social media, vowing that, if elected, she would aid the poor and young of the town.

""The force and vitality of our young motivates me to keep on walking from day to day,"" she wrote.

Special correspondent Cecilia S√°nchez Vidal contributed to this report.

Sign up for Essential California for news, features and recommendations from the L.A. Times and beyond in your inbox six days a week.

This story originally appeared in Los Angeles Times."
1243421055,20240513,202405,2024,2024.3644,CVL,SCIENTIST,,,,,,CVL,,,,,,,,,,,,,0,010,010,01,1,0.0,3,1,3,-1.22699386503067,3,"Los Angeles County, California, United States",US,USCA,34.3667,-118.201,277283,0,,,,,,,3,"Los Angeles County, California, United States",US,USCA,34.3667,-118.201,277283,20250513,https://www.independent.co.uk/news/world/americas/southern-california-heat-wave-rescues-b2749565.html,southern california heat wave rescues b2749565,Early-season Southern California heat wave results in dozens of rescues,"The latest headlines from our reporters across the US sent straight to your inbox each weekday Your briefing on the latest headlines from across the US Your briefing on the latest headlines from across the US Email * SIGN UP I would like to be emailed about offers, events and updates from The Independent. Read our Privacy notice

Southern California authorities conducted dozens of emergency rescues during an early-season mini heat wave over the weekend.

Amid record temperatures, the Orange County Fire Authority said fire officials and other agencies had partnered to conduct operations, including one captured on video in Aliso and Woods Canyons Wilderness Park.

‚ÄúOver a dozen people have been rescued collectively,‚Äù it wrote in a post on Facebook.

The agency noted that it was 96 degrees Fahrenheit by mid-afternoon in the city of Aliso Viejo. The heat wave was swift, jumping to as many as 20 degrees above normal around Los Angeles County, according to the National Weather Service.

Conditions led the Orange County Fire Authority to urge inexperienced bike riders and hikers to wait to enter the terrain until the weather cooled.

‚ÄúIf you do head out, please bring plenty of hydration with you,‚Äù it advised.

open image in gallery An Orange County firefighting helicopter works to rescue stranded hikers in Aliso and Wood Canyons Wilderness Park ( Orange County Fire Authority/Facebook )

Multiple hikers were caught off guard across the region.

A 55-year-old woman who was hiking in the Hollywood Hills and was weak from heat exhaustion was also taken to the hospital in a helicopter. The Los Angeles Fire Department confirmed the rescue to The Independent on Monday, saying her condition was ‚Äúfair.‚Äù

Another hiker in Riverside County was stranded and dehydrated. Riverside County firefighters also hoisted the patient out of the area using a helicopter. They were transported to a local area hospital in an ambulance with ‚Äúcritical injuries.‚Äù

More rescues were reported in Riverside County and Anaheim, according to The Los Angeles Times. No other information about the hikers was provided.

The life-saving efforts came after forecasters warned about the hottest weekend of the year.

On Saturday, the high temperature calendar day record was broken in Woodland Hills, up from 99 degrees in 1984 to 102 degrees. Paso Robles missed their record by just one degree. On Sunday, Woodland Hills and Downtown Los Angeles reached record highs again. Temperatures eased by the end of the weekend.

open image in gallery Arizona firefighters respond to a mountain rescue operation. One person died ( Superstition Fire & Medical District/Facebook )

In nearby Arizona, one person died and several other hikers were rescued in sweltering weather. The unidentified hiker was 33 years old, according to The Arizona Republic.

In the West and Southwest, temperatures are projected to be above or leaning above average this summer, according to the National Oceanic and Atmospheric Administration.

Climate change is making hot temperatures hotter and dry conditions drier, as Earth continues to trap planet-warming greenhouse gas emissions in its atmosphere. Last year was the hottest year on record. Temperatures and no rain fueled this year‚Äôs deadly Los Angeles County wildfires.

‚ÄúWe are seeing much more rapid warming of inland areas that were already hotter to begin with,‚Äù UCLA climate scientist Daniel Swain told Cal Matters last year."
1243421060,20240513,202405,2024,2024.3644,GOV,GOVERNMENT,,,,,,GOV,,,,,,,,,,,,,1,020,020,02,1,3.0,48,12,48,-1.49398587027718,3,"Joliet, Illinois, United States",US,USIL,41.525,-88.0817,411192,0,,,,,,,3,"Des Plaines River, Illinois, United States",US,USIL,41.3917,-88.2584,421765,20250513,https://www.nbcchicago.com/news/local/chicago-politics/trump-administration-assures-it-will-cover-its-share-of-plan-to-stop-invasive-carp/3743837/,3743837,Trump officials offer support to plan aimed at halting invasive carp ‚Äì NBC Chicago,"A stalemate between President Donald Trump and Illinois Gov. JB Pritzker that threatened a $1.2 billion plan to keep invasive carp from reaching the Great Lakes appears to have been settled after the Trump administration offered assurances it will cover its share of the costs.

After a delay that has stretched on since February, Illinois officials are set to resume closing on property they need to continue work on a project that will generate vast bubble curtains to deter the carp, stun them with electrical fields and play sound frequencies to disorient them.

Stream NBC 5 for free, 24/7, wherever you are. WATCH HERE WATCH HERE

Here's what to know:

The project has been on the drawing board for years

The U.S. Army Corps of Engineers along with state officials in Illinois and Michigan have been planning since 2020 to install a gantlet of technologies in the Des Plaines River near Joliet, Illinois, to deter invasive carp from entering Lake Michigan.

The Corps and the states signed a deal in 2024 to work together on the project using $226 million allocated through the Bipartisan Infrastructure Law. And elements of the Water Resources Development Act adopted last year call for the federal government to cover 90% of operating and maintenance costs.

Pritzker demands assurances from Trump

Construction on the project began in January. Pritzker's administration was set to close in February on a parcel of property for the project and transfer it to the Corps.

Everything appeared on track until late January, when the Trump administration froze federal grants and loans as it reviewed whether spending aligned with Trump's priorities on issues such as climate change and diversity. The administration rescinded the freeze less than two days later but questions persist about the federal government's spending commitments.

Feeling out of the loop? We'll catch you up on the news you need to know with the Chicago Catch-Up newsletter. SIGN UP SIGN UP

Pritzker, a billionaire heir to the Hyatt hotel empire and a potential 2028 Democratic presidential contender, is one of Trump‚Äôs fiercest critics. He has described the early months of the Trump administration as ‚Äútrue villainous cruelty by a few idiots.‚Äù

Days before Illinois was to finalize a property deal for the carp project, Pritzker hit pause and demanded assurances that the federal government would honor its spending commitment. Site preparation has continued since then, but substantial work to install technology has been on hold.

Trump signals the project is a priority

The White House issued a memo late Friday saying the Trump administration recognized the threat invasive carp pose to Great Lakes recreation and fishing and that it's committed to protecting the lakes.

The federal government is prepared to do its part so long as states cooperate, according to the memo, which calls on Illinois to complete the property deal by July 1 and promises the federal government will streamline permitting and environmental reviews.

‚ÄúMy Administration fully supports preventing the spread of invasive carp,‚Äù the memo said. ‚ÄúThe State of Illinois, where the (project) is located, must cease further delay in cooperating with this effort, for the sake of its own citizens and economy and for the sake of all of the Great Lake States.‚Äù

Pritzker's office issued a news release late Friday evening saying the governor was satisfied.

Work on the project isn't slated to finish until 2032, but Joel Brammeier, president and CEO of the nonpartisan Alliance for the Great Lakes, said Monday that prospects suddenly look dramatically better than they did last week.

‚ÄúWe're back to business as usual. That's a good thing,‚Äù he said.

Why the carp would be bad news for the Great Lakes

Four species of carp were imported to the U.S. from Asia in the 1960s and 1970s to clear algae from sewage ponds and fish farms in the Deep South. They escaped into the Mississippi River and have moved north into dozens of tributaries in the central U.S.

Government agencies, advocacy groups and others have long debated how to prevent the fish from reaching the Great Lakes, where scientists say they could out-compete native species for food and habitat in waterways where the fishing industry is valued at $7 billion.

A shipping canal that forms part of the link between the Mississippi and Lake Michigan has a network of fish-repelling barriers, which the Corps says is effective, but critics consider inadequate.

The new project at the Brandon Road Lock and Dam on the Des Plaines River near Joliet will provide another layer of protection at a downstream choke point between the Illinois River, which is infested with invasive carp, and Lake Michigan.

‚ÄúI‚Äôm hopeful everyone is taking this project seriously now and we‚Äôre not going to see any more delays,‚Äù Brammeier said."
1243421062,20240513,202405,2024,2024.3644,JUD,APPEALS COURT,,,,,,JUD,,,,,,,,,,,,,1,071,071,07,2,7.4,10,1,10,-1.43540669856459,2,"Tennessee, United States",US,USTN,35.7449,-86.7489,TN,0,,,,,,,2,"Tennessee, United States",US,USTN,35.7449,-86.7489,TN,20250513,https://www.yahoo.com/news/aclu-tennessee-files-petition-challenge-205527040.html,aclu tennessee files petition challenge 205527040,ACLU of Tennessee files petition to challenge state rule about sex designations on driver licenses,"NASHVILLE, Tenn. (WKRN) ‚Äî The American Civil Liberties Union of Tennessee has filed a petition to challenge the state‚Äôs laws about driver licenses and other state identification for transgender Tennesseans.

In 2023, Tennessee passed a bill defining ‚Äúsex‚Äù as anatomy at birth. Additionally, last year a federal appeals court ruled that there is no fundamental right to change sex on a birth certificate. In Tennessee, all identifying documentation‚Äîincluding driver licenses‚Äîmust match; all transgender Tennesseans change the marker on their identifying documents if it does not match their birth certificate.

üìß Have breaking news come to you: Subscribe to News 2 email alerts ‚Üí

The ACLU-TN originally filed a petition to challenge the state‚Äôs driver license rule in April 2024 on behalf of ‚ÄúJane Doe,‚Äù whose identity has been withheld due to safety concerns. The Tennessee Department of Safety and Homeland Security‚Äîone of the defendants in the case‚Äîdid not issue accurate identification documents, according to the ACLU, and caused her significant harm.

Advertisement Advertisement

Advertisement Advertisement

Chrissy Miller later joined the case as a plaintiff. ACLU-TN said that while Miller was successfully able to change the sex designation on her driver‚Äôs license, the state department told her that she has to surrender it or face losing driving privileges. Last September, the court ordered the Tennessee Department of Safety and Homeland Security to evaluate its actions and determine whether the agency stood by them.

A hearing was held in January, and the Department affirmed its actions; the plaintiffs then asked the Department to stop enforcing the rule while the court heard arguments in the case. The department reportedly refused, resulting in a new court filing Monday.

‚è© Read today‚Äôs top stories on wkrn.com

‚ÄúAll people deserve the freedom to live their lives safely and with dignity,‚Äù ACLU-TN Senior Attorney Lucas Cameron-Vaughn said in a press release. ‚ÄúOur clients need accurate identification documents in order to travel for work and family, to vote, and to engage in everyday life like everyone else. Forcing them to carry identification that contradicts who they are‚Äîor else withholding that identification altogether‚Äîis cruel, unfair and unlawful.‚Äù

Advertisement Advertisement

Advertisement Advertisement

A spokesperson for the Tennessee Department of Safety and Homeland Security said the agency does not comment on pending litigation.

If you have been prevented from getting a driver license with an accurate gender marker, you can contact the ACLU-TN here.

Copyright 2025 Nexstar Media, Inc. All rights reserved. This material may not be published, broadcast, rewritten, or redistributed.

For the latest news, weather, sports, and streaming video, head to WKRN News 2."
1243421063,20240513,202405,2024,2024.3644,JUD,LAWYER,,,,,,JUD,,,GOV,PRESIDENT,,,,,,GOV,,,1,173,173,17,4,-5.0,260,26,260,-2.88905325443787,1,United States,US,US,39.828175,-98.5795,US,1,United States,US,US,39.828175,-98.5795,US,1,United States,US,US,39.828175,-98.5795,US,20250513,https://www.wutc.org/2025-05-12/the-president-has-named-a-new-acting-librarian-of-congress-its-his-former-defense-lawyer,the president has named a new acting librarian of congress its his former defense lawyer,The President has named a new Acting Librarian of Congress. It's his former defense lawyer.,"Todd Blanche, the Deputy Attorney General of the United States, has been appointed as the acting Librarian of Congress by President Trump, according to a spokesperson at the Department of Justice.

The permanent post of Librarian of Congress must be confirmed by the Senate.

Blanche has no experience working in libraries or archives, according to his public profile . Now he will be running the largest one in the world. As a lawyer, he has focused on investigations and criminal litigation, including work for the President. Blanche served as one of Trump's personal lawyers, leading the defense in last year's criminal trial in which the President was found guilty of 34 felony counts of falsifying business records to conceal a payment to an adult film star.

An employee at the Librarian of Congress, who asked not to be identified for fear of retribution, said two men showed up this morning with a letter saying that Blanche was appointed the acting Librarian of Congress, Brian Nieves was appointed acting assistant librarian, and Paul Perkins was appointed the acting Register of Copyrights and Director of the Copyright Office. The men were not allowed into offices and left soon after, the employee said, adding that the Library of Congress is a legislative branch agency, and has not yet received direction from Congress on how to move forward.

Last Thursday, Trump fired the former Librarian of Congress, Carla Hayden. She had been targeted by conservative groups who accused her of promoting ""wokeness."" Hayden was the 14th person to hold the post and the first professional librarian to hold the post since 1974.

This story has been updated.



Copyright 2025 NPR"
1243421064,20240513,202405,2024,2024.3644,USA,CALIFORNIA,USA,,,,,,,,,,,,,,,,,,0,020,020,02,1,3.0,4,4,4,-4.45553821856754,3,"Washington, District of Columbia, United States",US,USDC,38.8951,-77.0364,531871,0,,,,,,,2,"California, United States",US,USCA,36.17,-119.746,CA,20250513,https://www.yahoo.com/news/washington-rein-fast-drivers-speed-230745730.html,washington rein fast drivers speed 230745730,Washington to rein in fast drivers with speed limiters,"Yahoo is using AI to generate takeaways from this article. This means the info may not always match what's in the article. Reporting mistakes helps us improve the experience.

Yahoo is using AI to generate takeaways from this article. This means the info may not always match what's in the article. Reporting mistakes helps us improve the experience.

Yahoo is using AI to generate takeaways from this article. This means the info may not always match what's in the article. Reporting mistakes helps us improve the experience. Generate Key Takeaways

A speed limiter device, like this one, will be required for repeat speeding offenders under a Washington law signed on May 12, 2025. The law doesn't take effect until 2029. (Photo by Jake Goldstein-Street/Washington State Standard)

In a few years, with the help of technology, prolific speeders in Washington won‚Äôt be able to drive as fast as they want.

Gov. Bob Ferguson on Monday signed House Bill 1596 into law, requiring a new speed-limiting device as a condition to getting a restricted driver‚Äôs license after getting it suspended for reckless driving or excessive speeding.

Advertisement Advertisement

Advertisement Advertisement

Judges can also require the speed limiters as a condition of pre-trial release or post-conviction probation.

The tech, shown at a demonstration at the Capitol on Monday, is similar to ignition interlock devices that require people with histories of drunk driving to blow into a breathalyzer to show their blood alcohol concentration before they can start the car.

These new devices use GPS to restrict speed to the posted limit. Under the legislation, drivers could override the limiter three times per month.

The bill received bipartisan support in the Legislature as the state aims to turn the tide on traffic deaths after reaching a 33-year high in 2023. Of the 809 deaths that year, a third involved speeding drivers.

Advertisement Advertisement

Advertisement Advertisement

‚ÄúWhat‚Äôs behind this bill is a really simple goal, which is to save lives,‚Äù Ferguson said.

Gov. Bob Ferguson handing over the pen he used to sign House Bill 1596 to Rep. Mari Leavitt, the bill‚Äôs lead sponsor. The bill sets new requirements for repeat speeders to have speed-limiting devices installed in their vehicles. (Photo by Jacquelyn Jimenez Romero/Washington State Standard)

The new law is known as the BEAM Act, named after four people killed in a crash last year with a speeding driver near Renton: Boyd Buster Brown, Eloise Wilcoxson, Andrea Smith Hudson and Matilda Wilcoxson.

Last month, a judge sentenced the driver in the case to 17¬Ω years in prison after he pleaded guilty to four counts of vehicular homicide in the high-speed crash.

The driver was held up as an example of someone who would‚Äôve needed to install a speed limiter. In the prior 10 months, he had reportedly been involved in two crashes in which his speeding was a factor.

Advertisement Advertisement

Advertisement Advertisement

Before signing the BEAM Act, the governor met with families of those killed in that crash and others who are pushing for stronger traffic safety measures.

‚ÄúIt‚Äôs the family members who got us to this day,‚Äù said prime sponsor Rep. Mari Leavitt, D-University Place. ‚ÄúThey‚Äôre the ones who were willing to share their story over and over again.‚Äù

In Europe, new vehicles are required to have intelligent speed assistance technology installed.

But in the United States, the speed limiter idea is new.

Last month, Virginia became the first state to enact such legislation, requiring intelligent speed assistance devices for drivers convicted of going over 100 mph. Georgia quickly followed, with a bill awaiting the governor‚Äôs signature.

Advertisement Advertisement

Advertisement Advertisement

Last year, Washington, D.C. approved a ‚Äúspeed governor‚Äù requirement for repeat offenders.

Lawmakers in several other states have also considered the requirement. In California last year, Gov. Gavin Newsom vetoed a measure requiring passive speed limiters.

Washington‚Äôs legislation defines excessive speeding as 20 mph above speed limits over 40 mph, or 10 mph above speed limits under that threshold.

If a driver has a history of moving violations, including excessive speeding, they would have to use an intelligent speed assistance device for 120 days after getting their license back from a suspension. In reckless driving cases, that rises to 150 days. Driving without one during this probationary period would be a traffic infraction that could add 30 days to a license suspension.

Advertisement Advertisement

Advertisement Advertisement

Tampering with the device is a gross misdemeanor.

Drivers would have to pay to install and remove the speed limiter, and an additional $21 per month. That monthly fee would go to the state Department of Licensing to offset the costs for low-income people who need the devices but can‚Äôt afford them.

The legislation doesn‚Äôt go into effect until Jan. 1, 2029."
1243421066,20240513,202405,2024,2024.3644,USA,NORTH CAROLINA,USA,,,,,,,,,,,,,,,,,,1,020,020,02,1,3.0,4,1,4,1.03950103950104,1,China,CH,CH,35.0,105.0,CH,0,,,,,,,2,"North Carolina, United States",US,USNC,35.6411,-79.8431,NC,20250513,https://www.wfmynews2.com/article/news/local/2-wants-to-know/made-in-america-furniture-tariffs-impact-north-carolina-bob-timberlake/83-b33ace78-efb2-45a7-b770-865622ddc17d,83 b33ace78 efb2 45a7 b770 865622ddc17d,,
1243421069,20240513,202405,2024,2024.3644,USA,UNITED STATES,USA,,,,,,,,,,,,,,,,,,0,130,130,13,3,-4.4,2,1,2,-2.08333333333333,3,"Phoenix, Arizona, United States",US,USAZ,33.4484,-112.074,44784,0,,,,,,,1,Mexico,MX,MX,23.0,-102.0,MX,20250513,https://www.yahoo.com/news/latin-music-festivals-scramble-amid-223251657.html,latin music festivals scramble amid 223251657,Latin Music Festivals Scramble Amid Visa Uncertainty: ‚ÄòIt‚Äôs Scary‚Äô,"Yahoo is using AI to generate takeaways from this article. This means the info may not always match what's in the article. Reporting mistakes helps us improve the experience.

Yahoo is using AI to generate takeaways from this article. This means the info may not always match what's in the article. Reporting mistakes helps us improve the experience.

Yahoo is using AI to generate takeaways from this article. This means the info may not always match what's in the article. Reporting mistakes helps us improve the experience. Generate Key Takeaways

Sue√±os Festival goers enjoy the sun and music against the Chicago skyline while at Grant Park on May 28, 2023 in Chicago, Illinois. - Credit: Natasha Moustache/Getty Images

When Michelada Festival canceled its 2025 festival last week over the uncertainty around artist visas, the situation rang the alarm for several other Latin music festivals around the country.

Michelada, a Chicago-based event, became the first of its kind to cancel over the ‚Äúrapidly changing political climate.‚Äù The festival wrote on May 6, ‚ÄúWe‚Äôre no longer able to guarantee the full experience we had dreamed up for you with all your favorite artists. Although we tried to push through, it became clear that we wouldn‚Äôt be able to deliver the full lineup as planned.‚Äù

More from Rolling Stone

Advertisement Advertisement

Advertisement Advertisement

Just a month earlier, organizers had unveiled a lineup that included Grupo Firme, Luis R. Conriquez, Los Alegres Del Barranco, and Net√≥n Vega. They quickly replaced Los Alegres ‚Äî whose visas were revoked by the State Department over their depiction of a cartel kingpin at a show in Mexico ‚Äî with Gabito Ballesteros. But with visa statuses for both Ballesteros and Conriquez now uncertain, organizers were forced to act quickly and cancel the event altogether.

‚ÄúIt‚Äôs not fair to the consumer to go through those changes,‚Äù says Miguel Torres, one of Michelada‚Äôs owners. ‚ÄúYou want to deliver on what you promise, and not create the question of, ‚ÄòWill the artist be there or not?‚Äô‚Äù

‚ÄúIt was too big of a gamble and a risk to move forward,‚Äù adds Fernando Nieto, Michelada‚Äôs co-founder.

Since taking office, the Trump administration has made securing work visas incredibly difficult for international artists. (FKA Twigs canceled a U.S. run over the issue.) And, on top of that, there‚Äôs a growing fear of visa revocations among artists who perform narcocorridos, over what happened to Los Alegres del Barranco. At the time of Los Alegres‚Äô revocation, Deputy Secretary Christopher Landau accused the group of ‚Äúglorifying‚Äù criminals and terrorists with their performances.

Advertisement Advertisement

Advertisement Advertisement

Promoter and new Jalo Fest organizer Ricky Calderon has also had to deal with these issues in the last few weeks. Calderon noticed how difficult securing visas has become under the presidential administration for many artists, and moved quickly to address the problems at two of his own events last month. The organizer had booked both Alegres del Barranco and Gabito Ballesteros for a pair of shows in Northern California in late April. Just days before, he was forced to replace them with other artists.

‚ÄúEveryone wants to go to these shows, but it really affected us,‚Äù Calderon says. ‚ÄúWhat can I say?‚Äù

Calderon says the situation also affects promoters‚Äô credibility with ticket buyers, who are already struggling to cover the rising costs of shows. With the concern around artists being able to stick on the lineup, fans are choosing to wait until closer to the event to purchase tickets.

As he deals with the repercussions at one-off shows, Calderon has also been slowly rolling out Jalo Fest, the first-ever Latin music festival in Sacramento, slated for this summer. He‚Äôs already confirmed appearances from El Tri, Tucanes de Tijuana, Eslab√≥n Armado, and Santa Fe Klan, among others, but the visa problems have affected three artists he planned to feature: Alegres, Ballesteros, and Edici√≥n Especial. The setback forced him to postpone his fest‚Äôs lineup announcement multiple times, preventing his organization from getting a head start on sales.

Advertisement Advertisement

Advertisement Advertisement

‚ÄúWe were supposed to announce and go on sale two months back,‚Äù Calder√≥n says of the event, scheduled for Aug. 30 and 31. ‚ÄúPeople don‚Äôt want to buy tickets knowing that things might get canceled down the line. It‚Äôs really affecting us. It‚Äôs a big investment for both the people and also for us as business people.‚Äù

After Michelada‚Äôs cancellation, it‚Äôs unclear how Chicago‚Äôs Sue√±os Fest will fare later this month, given that the lineup prominently features corridos acts such as Peso Pluma, Tito Double P, and Oscar Maydon. BottleRock‚Äôs La Onda Fest will also showcase similar artists the following weekend in Napa. (Reps for those festivals did not respond to Rolling Stone‚Äôs request for comment.)

Abel DeLuna, founder and board member of Latino promoter collective Promotores Unidos, has his act Sonora Tropicana performing at the NorCal event. He says the delay in visa issuance (and the narcocorrido conversation) is unprecedented, and will likely have lasting effects on the industry. As demand for the artists in the genre continues to grow, so too does the uncertainty around booking them.

‚ÄúI think this is going to affect us as long as this president is in office. And now, with Mexico prohibiting corridos‚Ä¶ The government hasn‚Äôt prohibited it here, but we‚Äôre scared that it could happen,‚Äù explains DeLuna. ‚ÄúYou never know what to expect with Donald Trump.‚Äù

Advertisement Advertisement

Advertisement Advertisement

DeLuna says that as an organization, the association of promoters has discussed how to help each other out, but ultimately, ‚Äúwe don‚Äôt have a solution to this,‚Äù he says. ‚ÄúWhat we are going through now is something I have never seen before.‚Äù

Ramiro Bojorquez, organizer of Belico Fest in Phoenix, which debuted last year with several artists known for their narcocorridos, is proceeding with caution, but remains committed to delivering a top-tier show. After hosting Gerardo Ortiz, Junior H, and Luis R. Conriquez in 2024, he feels a responsibility to keep the Mexican music event alive and ensure it lives up to the ‚ÄúBelico‚Äù name.

‚ÄúI‚Äôm investing a lot of money in this and I‚Äôm a bit scared, but it‚Äôs a passion project for me,‚Äù says Bojorquez.

Slowly, he‚Äôs been announcing acts confirmed for the fall event: Xavi and Clave Especial, who are all U.S. citizens, and Net√≥n Vega, who had his work visa confirmed last month, he says. Bojorquez ‚Äúhad to pull back‚Äù on announcing other acts for the festival, and ultimately decided not to re-book Conriquez, the leader of the belico subgenre.

Advertisement Advertisement

Advertisement Advertisement

‚ÄúWe‚Äôre very, very cautious about who we book, and not taking away from the whole experience, because our name is based on that genre and culture of Mexican music,‚Äù says Bojorquez. ‚ÄúIt‚Äôs a movement that we started, and now we have to continue. We can‚Äôt let government restrictions stop us. We gotta work with what we have and give the audiences what they want.‚Äù

As Belico Fest continues filling out their lineup, Bojorquez explains that he‚Äôs going to focus on booking artists who are either from the United States or already have their visas confirmed, contending that it‚Äôs not worth the risk of having to pull out an artist. ‚ÄúIt‚Äôs scary because you‚Äôre investing hundreds of thousands of dollars in a festival and you‚Äôre dependent on the outcome of the festival,‚Äù he says.

Bojorquez also pointed to a troubling double standard that seems to specifically target Mexican musicians, while other media portraying narcoculture, like Netflix‚Äôs Narcos, which explores the drug trade and depicts cartel kingpins, face no scrutiny.

‚ÄúI can‚Äôt stay quiet. I can‚Äôt keep my arms closed,‚Äù says Bojorquez. ‚ÄúIt‚Äôs happening on Netflix and in other parts of the media. You can‚Äôt blindfold people because you don‚Äôt like the way they talk.‚Äù

Best of Rolling Stone

Sign up for RollingStone's Newsletter. For the latest news, follow us on Facebook, Twitter, and Instagram."
1243421070,20240513,202405,2024,2024.3644,USA,ATLANTA,USA,,,,,,,,EDU,STUDENT,,,,,,EDU,,,1,172,172,17,4,-5.0,10,1,10,-2.5,3,"Atlanta, Georgia, United States",US,USGA,33.749,-84.388,351615,2,"Georgia, United States",US,USGA,32.9866,-83.6487,GA,2,"Georgia, United States",US,USGA,32.9866,-83.6487,GA,20250513,https://tiftongazette.com/2025/05/12/schools-prepare-to-ban-cellphones-through-eighth-grade-under-new-law/,schools prepare to ban cellphones through eighth grade under new law,Schools prepare to ban cellphones through eighth grade under new law,"Schools prepare to ban cellphones through eighth grade under new law Published 4:47 pm Monday, May 12, 2025

ATLANTA ‚Äì Schools across Georgia will have to figure out how to pry cellphones from students‚Äô hands next year now that a new ban will be taking effect.

House Bill 340 prohibits personal communications devices in public school classrooms from kindergarten through eighth grade.

The ban goes into effect in the summer of 2026. Gov. Brian Kemp signed the legislation last week after it passed the Georgia General Assembly with broad bipartisan support earlier this year.

A handful of school systems have already implemented local bans, including Marietta City Schools.

Marietta Superintendent Grant Rivera was among the leading proponents for a statewide ban, telling lawmakers in March that he‚Äôd seen dramatic changes in middle school, where students were talking with each other rather than hunching over screens.

‚ÄúIt impacts academics, it impacts their well-being, it impacts their relationships,‚Äù Rivera said at a legislative hearing. He said disciplinary issues were down, as well.

School districts have until January to write policies and procedures for locking up students‚Äô phones from the first bell in the morning to the last one in the afternoon.

They must implement those policies by July 1, 2026, with hundreds of thousands of students affected when school starts that fall.

School leaders welcome the legislation. John Zauner, executive director of the Georgia School Superintendents Association, called the ban a well-meaning attempt to remove a major distraction during the school day.

‚ÄúCellphones in the hands of youngsters are definitely a distraction,‚Äù he said.

Fulton County School System, one of the largest school districts in Georgia, is already preparing.

‚ÄúThese new restrictions were already planned for the upcoming school year, and the new law affirms the direction we were taking to reduce distractions and strengthen student learning,‚Äù a district spokesman said. School board members will vote on the new policy in June. It not only would ban use during the school day through eighth grade, but also would prohibit use in high schools during instructional time.

While the idea of a statewide ban is popular, some have expressed concern about being unable to reach their children during an emergency, such as a school shooting.

That‚Äôs why the bill‚Äôs chief co-sponsor, Rep. Scott Hilton, R-Peachtree Corners, didn‚Äôt push for a ban in high schools. But he and others expect the K-8 ban to spread to high schools in the future, after middle school students and their parents become accustomed to it.

Hilton said in an interview Monday that high school is more complicated, and it will take time to study implementation there and to develop a cellphone-free culture.

‚ÄúI think this bill begins an important conversation that‚Äôs going to lead to a cellphone-free environment in grades 9 through 12,‚Äù he said.

That culture is deeply embedded. Hilton said that when Kemp signed HB 340 on Friday, lawmakers instinctively pulled out their smartphones to capture the moment. And Hilton said that when he was presenting his bill on the floor of the House of Representatives, his colleagues couldn‚Äôt resist the moment.

‚ÄúMy phone starts to light up,‚Äù he said. ‚ÄúPeople are calling, texting ‚Äî and it‚Äôs my colleagues in the House having fun with me. It was distracting.‚Äù"
